{"client_meta":{"background_color":{"r":0.8980392217636108,"g":0.8980392217636108,"b":0.8980392217636108,"a":1},"thumbnail_size":{"width":278,"height":400},"render_coordinates":{"x":9271,"y":-178,"width":6611,"height":9524}},"file_name":"Desafio React","developer_related_links":[]}